{"_runtime": 10788.771170564, "_step": 6220, "val_loss": 4.8091230392456055, "lr": 0.0010270494558115178, "_timestamp": 1741466811.253324, "train_loss": 4.667938709259033, "norm": 0.12054632604122162, "tok/sec": 341181.7105500213}