{"_step": 52, "val_loss": 10.9779691696167, "lr": 0.00031736526946107786, "_timestamp": 1741455784.5752504, "train_loss": 7.378432750701904, "norm": 0.47506681084632874, "tok/sec": 86868.36250372909, "_runtime": 446.518393337}