{"_step": 5422, "val_loss": 4.868844985961914, "lr": 0.0013017192149463292, "_timestamp": 1741517835.0790758, "train_loss": 4.809437274932861, "norm": 0.2973063886165619, "tok/sec": 297633.5547833497, "_runtime": 10776.027175555}